item_key,dimension,intended_construct,version_1_text,version_2_proposed_text,status,reason_for_change,not_applicable_allowed,est_grade_v1,est_grade_v2
LE1,Leadership Effectiveness,Perceived integrity of senior leaders: employees' belief that leaders are honest with them.,I trust senior leaders to be honest with employees.,I trust senior leaders to be honest with employees.,Unchanged,"No change. The item is clear, measures one concept, and no phrasing concern was identified in review.",No,5.0,5.0
LE2,Leadership Effectiveness,"Clarity of the direction leadership has set for the organization's future (the direction itself, not how it is communicated).",Leadership has communicated a clear direction for where the organization is heading.,Leadership has set a clear direction for the organization's future.,Revised,"Owner item 2 (LE2/SA3 overlap). v1 combined having a direction with communicating it, and so overlapped SA3. v2 measures only whether a clear direction exists; communication moves to SA3. Also lowers reading level.",No,13.7,10.7
LE3,Leadership Effectiveness,Consistency of accountability: whether managers are held to the same standards as their staff.,Managers are held to the same standards of accountability as the people they lead.,Managers are held to the same standards of accountability as the people they lead.,Unchanged,"No change. The item is clear, measures one concept, and no phrasing concern was identified in review.",Yes,9.3,9.3
LE4,Leadership Effectiveness,Confidence in the quality of leadership decision-making.,I have confidence in the decisions made by leadership.,I have confidence in the decisions made by leadership.,Unchanged,"No change. The item is clear, measures one concept, and no phrasing concern was identified in review.",No,7.6,7.6
OC1,Organizational Culture,Effectiveness of everyday collaboration toward shared goals.,People here work together effectively to accomplish shared goals.,People here work well together to reach shared goals.,Revised,Item 5 (clarity/reading level). Plainer wording ('work well together to reach') for the same construct; estimated grade 12.8 → 5.0.,No,12.8,5.0
OC2,Organizational Culture,Inclusion expressed as equal respect across backgrounds.,Employees are treated as valued members of the organization regardless of their background or position.,Employees from every background receive equal respect here.,Revised,"Owner item 3 (one concept). v1 named two bases (background and position) and blended 'valued' with 'member'. v2 measures one concept, equal respect across backgrounds, and avoids the 'treated … regardless of' pattern common in commercial surveys.",No,12.3,9.7
OC3,Organizational Culture,Voice safety: being able to raise problems or concerns without fear of negative consequences.,I can speak up about problems or concerns without fear of negative consequences.,I can speak up about problems or concerns without fear of negative consequences.,Unchanged,"No change. The item is clear, measures one concept, and no phrasing concern was identified in review.",No,9.4,9.4
OC4,Organizational Culture,Integrity between the organization's stated values and actual behavior.,The way people actually behave here reflects the organization's stated values.,The way people actually behave here reflects the organization's stated values.,Unchanged,"No change. The item is clear, measures one concept, and no phrasing concern was identified in review.",No,12.3,12.3
EE1,Employee Engagement,Meaningfulness of one's own work.,My work gives me a sense of purpose.,My work gives me a sense of purpose.,Unchanged,"No change. The item is clear, measures one concept, and no phrasing concern was identified in review.",No,2.3,2.3
EE2,Employee Engagement,Acknowledgement of one's contributions (recognition and appreciation).,I receive meaningful recognition when I do good work.,The contributions I make are acknowledged here.,Revised,Owner item 1 (independent expression). v1 shared the 'recognition … good work' pairing with a proprietary engagement-survey item. v2 is independently phrased around acknowledgement of contributions and drops the extra 'meaningful' qualifier.,No,7.6,9.1
EE3,Employee Engagement,The organization's investment in the employee's skill development.,I have access to opportunities to grow professionally.,This organization invests in developing my skills.,Revised,"Owner item 1 (independent expression). v1 shared an 'opportunities … grow' pattern with a proprietary engagement-survey item. v2 measures the organization's investment in skill development, which is closer to ROHA's organizational-health focus.",No,12.6,12.4
EE4,Employee Engagement,Commitment to the organization's success.,I feel committed to helping this organization succeed.,I feel committed to helping this organization succeed.,Unchanged,"No change. The item is clear, measures one concept, and no phrasing concern was identified in review.",No,11.1,11.1
OE1,Operational Effectiveness,Process efficiency: absence of unnecessary steps.,Our work processes allow tasks to be completed without unnecessary steps or delays.,Our work processes let us get things done without unnecessary steps.,Revised,Owner item 3 (one concept). v1 listed two kinds of inefficiency ('steps or delays'). v2 keeps one (unnecessary steps); grade 11.3 → 8.0.,No,11.3,8.0
OE2,Operational Effectiveness,Fit of available tools and technology to the employee's work.,I have the tools and technology I need to do my job well.,The tools and technology available to me are well suited to my work.,Revised,"Owner item 1 (independent expression). v1 followed the 'I have the … I need to do my job …' pattern of a proprietary engagement-survey item. v2 asks whether available tools and technology suit the work, which also captures 'appropriate' from the brief.",No,4.0,7.6
OE3,Operational Effectiveness,Coordination between departments on shared work.,Departments coordinate effectively when work depends on more than one team.,Departments work well together when a task involves more than one of them.,Revised,Item 5 (consistency). v1 switched between 'departments' and 'team'. v2 uses one referent.,Yes,10.2,6.7
OE4,Operational Effectiveness,Clarity of responsibilities: knowing who is responsible for what.,It is clear who is responsible for each part of the work I am involved in.,It is clear who is responsible for what in the work I do.,Revised,Owner item 4 (alignment). The focus label said 'responsibilities and procedures' but the item measured responsibilities only. The label and dimension definition are corrected to 'clarity of responsibilities'; procedures are excluded deliberately to avoid a double-barreled item (see note). The wording is also simplified.,No,6.1,4.0
IA1,Innovation and Adaptability,"Openness to new ideas, including ideas that challenge established practice.","New ideas are welcomed here, even when they challenge established ways of working.","New ideas are welcomed here, even when they challenge established ways of working.",Unchanged,"No change. The item is clear, measures one concept, and no phrasing concern was identified in review.",No,9.4,9.4
IA2,Innovation and Adaptability,Speed of organizational adjustment when conditions change.,The organization adapts effectively when circumstances change.,This organization adjusts quickly when conditions change.,Revised,Item 5 (clarity). v1 'adapts effectively' was abstract; v2 names an observable quality (adjusting quickly) that matches the brief's 'responsiveness to organizational change'. Grade 19.2 → 12.4 (inflated by 'organization').,Yes,19.2,12.4
IA3,Innovation and Adaptability,Responsiveness to process problems: taking action to improve what is not working.,"When a process is not working well, the organization takes action to improve it.","When a process is not working well, the organization takes action to improve it.",Unchanged,"No change. The item is clear, measures one concept, and no phrasing concern was identified in review.",No,9.3,9.3
IA4,Innovation and Adaptability,Support for employees to try their own improvement ideas.,Employees receive the support they need to try out their ideas for improvement.,Employees receive the support they need to try out their ideas for improvement.,Unchanged,"No change. The item is clear, measures one concept, and no phrasing concern was identified in review.",Yes,7.6,7.6
SA1,Strategic Alignment,Employee understanding of the organization's most important goals.,I understand the organization's most important goals.,I understand the organization's most important goals.,Unchanged,"No change. The item is clear, measures one concept, and no phrasing concern was identified in review.",No,12.4,12.4
SA2,Strategic Alignment,Perceived alignment: one's daily work helps the organization reach its goals.,My day-to-day work directly supports the organization's business objectives.,My daily work helps the organization reach its goals.,Revised,Item 5 (clarity/consistency). v1 'business objectives' does not suit public-sector and nonprofit respondents. v2 is sector-neutral and plainer; grade 18.1 → 6.3.,No,18.1,6.3
SA3,Strategic Alignment,Leadership communication that translates organizational priorities into their meaning for the employee's team.,Strategic priorities are communicated to employees on a regular basis.,Leaders explain what the organization's priorities mean for my team.,Revised,"Owner item 2 (LE2/SA3 overlap). v1 measured how often priorities are communicated, which overlapped LE2 and used the vague 'regular basis'. v2 measures whether leaders translate priorities for the employee's team: communication quality, distinct from the existence of direction (LE2) and from personal understanding (SA1).",No,14.3,9.6
SA4,Strategic Alignment,Line of sight: understanding how one's own work affects organizational success.,I understand how my individual contributions affect the organization's success.,I understand how my own work affects the organization's success.,Revised,Item 5 (reading level). Plainer wording for the same line-of-sight construct; grade 16.6 → 9.6.,No,16.6,9.6
