v2_key,dimension,focus,intended_construct,v2_text,disposition,v1_source_key,v1_text,reason,not_applicable_allowed,est_grade_level
LE1,Leadership Effectiveness,Leadership integrity and trust,Perceived integrity of senior leaders: belief that they are honest with employees.,I trust senior leaders to be honest with employees.,Retained,LE1,I trust senior leaders to be honest with employees.,"Clear, single concept, independently phrased.",No,5.0
LE2,Leadership Effectiveness,Clarity of organizational direction,Clarity of the direction leadership has set for the organization's future.,Leadership has set a clear direction for the organization's future.,Revised,LE2,Leadership has communicated a clear direction for where the organization is heading.,v1 mixed having a direction with communicating it (overlap with v1 SA3). Now measures only the clarity of the direction set.,No,10.7
LE3,Leadership Effectiveness,Management accountability and consistency,Consistency of accountability between managers and the people they lead.,Managers are held to the same standards of accountability as the people they lead.,Retained,LE3,Managers are held to the same standards of accountability as the people they lead.,Directly states the accountability-consistency concept; N/A retained for respondents without visibility.,Yes,9.3
LE4,Leadership Effectiveness,Confidence in leadership decisions,Confidence in the quality of leadership decisions.,I have confidence in the decisions made by leadership.,Retained,LE4,I have confidence in the decisions made by leadership.,"Clear, single concept.",No,7.6
LE5,Leadership Effectiveness,Communication of priorities,Leaders translating organizational priorities into what they mean for the employee's team.,Leaders explain what the organization's priorities mean for my team.,Revised and moved,SA3,Strategic priorities are communicated to employees on a regular basis.,"Communication of priorities is a leadership behavior, so it moves from Strategic Alignment to Leadership. Reworded from frequency ('on a regular basis') to translation of priorities for the team; distinct from LE2 (direction exists) and SI1 (employee understanding).",No,9.6
OC1,Organizational Culture,Collaboration and teamwork,Effectiveness of everyday collaboration toward shared goals.,People here work well together to reach shared goals.,Revised,OC1,People here work together effectively to accomplish shared goals.,Plainer wording for the same construct.,No,5.0
OC2,Organizational Culture,Respect and inclusion,Inclusion expressed as equal respect across backgrounds.,Employees from every background receive equal respect here.,Revised,OC2,Employees are treated as valued members of the organization regardless of their background or position.,v1 named two bases (background and position). Now one concept: equal respect across backgrounds.,No,9.7
OC3,Organizational Culture,Psychological safety,Voice safety: raising problems or concerns without fear of negative consequences.,I can speak up about problems or concerns without fear of negative consequences.,Retained,OC3,I can speak up about problems or concerns without fear of negative consequences.,"Clear, single concept; the concept (not wording) is shared with published psychological-safety research.",No,9.4
OC4,Organizational Culture,Values and behavior alignment,Integrity between stated values and actual behavior.,The way people actually behave here reflects the organization's stated values.,Retained,OC4,The way people actually behave here reflects the organization's stated values.,"Clear, single concept not covered elsewhere.",No,12.3
OC5,Organizational Culture,Learning from mistakes,Learning orientation: responding to mistakes by learning from them.,"When mistakes happen here, the focus is on learning from them.",New,—,—,"New. Adds how the organization responds to mistakes, which is distinct from whether individuals feel safe to speak up (OC3).",No,5.9
EE1,Employee Engagement,Sense of purpose,Meaningfulness of one's own work.,My work gives me a sense of purpose.,Retained,EE1,My work gives me a sense of purpose.,"Clear, single concept.",No,2.3
EE2,Employee Engagement,Recognition and appreciation,Acknowledgement of one's contributions.,The contributions I make are acknowledged here.,Revised,EE2,I receive meaningful recognition when I do good work.,v1 shared a 'recognition … good work' pattern with a proprietary engagement-survey item. Independently rephrased.,No,9.1
EE3,Employee Engagement,Professional development,The organization's investment in the employee's skill development.,This organization invests in developing my skills.,Revised,EE3,I have access to opportunities to grow professionally.,v1 shared an 'opportunities … grow' pattern with a proprietary engagement-survey item. Now measures organizational investment in development.,No,12.4
EE4,Employee Engagement,Commitment to the organization,Commitment to the organization's success.,I feel committed to helping this organization succeed.,Retained,EE4,I feel committed to helping this organization succeed.,Clear; deliberately avoids intention-to-stay wording.,No,11.1
EE5,Employee Engagement,Autonomy in how work is done,Autonomy: discretion over how one's own work is carried out.,I can choose my own approach to getting my work done.,New,—,—,"New. Adds autonomy over how work is done, a distinct aspect of the employee–work relationship. Phrased to avoid common job-design questionnaire wording.",No,2.6
OE1,Operational Effectiveness,Process efficiency,Process efficiency: absence of unnecessary steps.,Our work processes let us get things done without unnecessary steps.,Revised,OE1,Our work processes allow tasks to be completed without unnecessary steps or delays.,v1 named two kinds of inefficiency ('steps or delays'). Now one.,No,8.0
OE2,Operational Effectiveness,Tools and technology,Fit of available tools and technology to the work.,The tools and technology available to me are well suited to my work.,Revised,OE2,I have the tools and technology I need to do my job well.,v1 followed an 'I have the … I need to do my job' pattern used by a proprietary engagement survey. Rephrased as fit of available tools.,No,7.6
OE3,Operational Effectiveness,Interdepartmental coordination,Coordination between departments on shared work.,Departments work well together when a task involves more than one of them.,Revised,OE3,Departments coordinate effectively when work depends on more than one team.,v1 switched between 'departments' and 'team'. Single referent.,Yes,6.7
OE4,Operational Effectiveness,Clarity of responsibilities,Clarity of who is responsible for what.,It is clear who is responsible for what in the work I do.,Revised,OE4,It is clear who is responsible for each part of the work I am involved in.,Label now matches the item (responsibilities only). Simplified.,No,4.0
OE5,Operational Effectiveness,Clarity of procedures,Clarity of the procedures employees are expected to follow.,The procedures I am expected to follow in my work are clear.,New,—,—,New. Procedural clarity was part of the brief's operational topic but was dropped in v1 to avoid a double-barreled item; the fifth item measures it separately.,No,6.8
SI1,Strategic Alignment & Innovation,Understanding of organizational goals,Understanding of the organization's most important goals (direction is known).,I understand the organization's most important goals.,Retained and moved,SA1,I understand the organization's most important goals.,Anchors the 'direction is known' aspect of the integrated dimension.,No,12.4
SI2,Strategic Alignment & Innovation,Alignment of daily work with goals,Alignment: one's daily work helps the organization reach its goals (direction is acted on).,My daily work helps the organization reach its goals.,Revised and moved; absorbs SA4,SA2,My day-to-day work directly supports the organization's business objectives.,"Sector-neutral rewording of v1 SA2. It absorbs v1 SA4 (line of sight), which overlapped heavily with SA2.",No,6.3
SI3,Strategic Alignment & Innovation,Responsiveness to change,Responsiveness: the organization adjusts quickly when conditions change (direction is adapted).,This organization adjusts quickly when conditions change.,Revised and moved,IA2,The organization adapts effectively when circumstances change.,Observable wording of v1 IA2; represents the 'direction is adapted' aspect.,Yes,12.4
SI4,Strategic Alignment & Innovation,Openness to new ideas,"Openness to new ideas, including ideas that challenge established practice (ideas are welcomed).","New ideas are welcomed here, even when they challenge established ways of working.",Retained and moved,IA1,"New ideas are welcomed here, even when they challenge established ways of working.",Unchanged v1 IA1; represents the 'ideas are welcomed' aspect.,No,9.4
SI5,Strategic Alignment & Innovation,Support for employee-driven innovation,Support for employees to try their improvement ideas (ideas are enabled).,Employees receive the support they need to try out their ideas for improvement.,Retained and moved,IA4,Employees receive the support they need to try out their ideas for improvement.,Unchanged v1 IA4; represents the 'ideas are enabled' aspect.,Yes,7.6
